{"stat.useItem.3":1,"achievement.exploreAllBiomes":{"value":0,"progress":["Desert"]},"stat.mineBlock.24":13,"stat.useItem.24":5,"achievement.openInventory":91,"stat.useItem.5":22,"stat.craftItem.5":16,"stat.craftItem.58":1,"stat.fallOneCm":480,"stat.flyOneCm":9747,"stat.mineBlock.42":2,"achievement.buildWorkBench":2,"stat.drop":3,"stat.damageTaken":210,"achievement.mineWood":18,"stat.useItem.129":11,"stat.mineBlock.17":20,"stat.mineBlock.58":3,"stat.playOneMinute":34307,"stat.mineBlock.15":88,"stat.useItem.17":21,"stat.useItem.15":144,"stat.mineBlock.3":1,"stat.jump":99,"stat.useItem.58":6,"stat.useItem.1":4,"stat.craftItem.280":24,"stat.useItem.42":6,"stat.walkOneCm":81776,"stat.mineBlock.5":21,"stat.useItem.257":1,"stat.useItem.56":7}